id,iso31661alpha2,iso31661alpha3,name,continent,dial,iso31661numeric,wicucode,unm49code,sovereignfcorecognisedstate,linkedcountryiso3code,relationshipwithlinkedcountry,fullname,un,nato,interpolcode,visaregime,commonwealth,eu,eea,euoutermost,euoverseasassociation,validfrom,validto
2,AF,AFG,Afghanistan,AS,93,4,1,4,TRUE,,,Islamic Republic Of Afghanistan,TRUE,FALSE,12,VM,FALSE,FALSE,FALSE,FALSE,FALSE,,
249,AX,ALA,Aland Islands,EU,358,248,283,248,FALSE,FIN,Autonomous region of Finland,Aland Islands,TRUE,FALSE,168,,FALSE,TRUE,TRUE,FALSE,FALSE,,
3,AL,ALB,Albania,EU,355,8,4,8,TRUE,,,Republic Of Albania,TRUE,TRUE,15,VM,FALSE,FALSE,FALSE,FALSE,FALSE,,
4,DZ,DZA,Algeria,AF,213,12,53,12,TRUE,,,People's Democratic Republic Of Algeria,TRUE,FALSE,16,VM,FALSE,FALSE,FALSE,FALSE,FALSE,,
5,AS,ASM,American Samoa,OC,1-684,16,226,16,FALSE,USA,Unincorporated territory of the United States,American Samoa,TRUE,TRUE,111,,FALSE,FALSE,FALSE,FALSE,FALSE,,
6,AD,AND,Andorra,EU,376,20,5,20,TRUE,,,Principality Of Andorra,TRUE,FALSE,1,RT,FALSE,FALSE,FALSE,FALSE,FALSE,,
7,AO,AGO,Angola,AF,244,24,2,24,TRUE,,,Republic Of Angola,TRUE,FALSE,18,VM,FALSE,FALSE,FALSE,FALSE,FALSE,,
8,AI,AIA,Anguilla,NA,1-264,660,3,660,FALSE,GBR,British Overseas territory,Anguilla,TRUE,TRUE,14,,TRUE,FALSE,FALSE,FALSE,TRUE,,
9,AQ,ATA,Antarctica,AN,672,10,239,10,FALSE,,,Antarctica,FALSE,FALSE,19,,FALSE,FALSE,FALSE,FALSE,FALSE,,
10,AG,ATG,Antigua and Barbuda,NA,1-268,28,9,28,TRUE,,,Antigua and Barbuda,FALSE,FALSE,13,,TRUE,FALSE,FALSE,FALSE,FALSE,,
11,AR,ARG,Argentina,SA,54,32,7,32,TRUE,,,Argentine Republic,TRUE,FALSE,11,RT,FALSE,FALSE,FALSE,FALSE,FALSE,,
12,AM,ARM,Armenia,AS,374,51,8,51,TRUE,,,Republic Of Armenia,TRUE,FALSE,16,VW,FALSE,FALSE,FALSE,FALSE,FALSE,,
13,AW,ABW,Aruba,NA,297,533,225,533,FALSE,NLD,Constituent country of the Kingdom of the Netherlands,Aruba,TRUE,TRUE,114,,FALSE,FALSE,FALSE,FALSE,TRUE,,
14,AU,AUS,Australia,OC,61,36,10,36,TRUE,,,Commonwealth of Australia,TRUE,FALSE,113,RT,TRUE,FALSE,FALSE,FALSE,FALSE,,
15,AT,AUT,Austria,EU,43,40,11,40,TRUE,,,Republic of Austria,TRUE,FALSE,112,,FALSE,TRUE,TRUE,FALSE,FALSE,,
16,AZ,AZE,Azerbaijan,AS,994,31,12,31,TRUE,,,Republic of Azerbaijan,TRUE,FALSE,116,VW,FALSE,FALSE,FALSE,FALSE,FALSE,,
17,BS,BHS,"Bahamas, The",NA,1-242,44,20,44,TRUE,,,Commonwealth of The Bahamas,TRUE,FALSE,13,RT,TRUE,FALSE,FALSE,FALSE,FALSE,,
18,BH,BHR,Bahrain,AS,973,48,19,48,TRUE,,,Kingdom of Bahrain,TRUE,FALSE,123,VW,FALSE,FALSE,FALSE,FALSE,FALSE,,
19,BD,BGD,Bangladesh,AS,880,50,17,50,TRUE,,,People's Republic of Bangladesh,TRUE,FALSE,119,VM,TRUE,FALSE,FALSE,FALSE,FALSE,,
20,BB,BRB,Barbados,NA,1-246,52,26,52,TRUE,,,Barbados,TRUE,FALSE,118,,TRUE,FALSE,FALSE,FALSE,FALSE,,
21,BY,BLR,Belarus,EU,375,112,21,112,TRUE,,,Republic of Belarus,TRUE,FALSE,134,VM,FALSE,FALSE,FALSE,FALSE,FALSE,,
22,BE,BEL,Belgium,EU,32,56,14,56,TRUE,,,Kingdom of Belgium,TRUE,TRUE,12,,FALSE,TRUE,TRUE,FALSE,FALSE,,
23,BZ,BLZ,Belize,NA,501,84,22,84,TRUE,,,Belize,TRUE,FALSE,135,RT,TRUE,FALSE,FALSE,FALSE,FALSE,,
24,BJ,BEN,Benin,AF,229,204,15,204,TRUE,,,Republic of Benin,TRUE,FALSE,125,VW,FALSE,FALSE,FALSE,FALSE,FALSE,,
25,BM,BMU,Bermuda,NA,1-441,60,23,60,FALSE,GBR,British Overseas Territory ,Bermuda,TRUE,TRUE,126,,TRUE,FALSE,FALSE,FALSE,TRUE,,
26,BT,BTN,Bhutan,AS,975,64,28,64,TRUE,,,Kingdom of Bhutan,TRUE,FALSE,131,VW,FALSE,FALSE,FALSE,FALSE,FALSE,,
27,BO,BOL,Bolivia,SA,591,68,24,68,TRUE,,,Plurinational State of Bolivia,TRUE,FALSE,128,VW,FALSE,FALSE,FALSE,FALSE,FALSE,,
28,BQ,BES,Bonaire Saint Eustatius and Saba,NA,599,535,284,535,FALSE,NLD,Special municipalities of the Kingdom of the Netherlands,Bonaire Saint Eustatius and Saba,TRUE,TRUE,26,,FALSE,FALSE,FALSE,FALSE,TRUE,,
29,BA,BIH,Bosnia and Herzegovina,EU,387,70,220,70,TRUE,,,Bosnia and Herzegovina,TRUE,FALSE,117,VW,FALSE,FALSE,FALSE,FALSE,FALSE,,
30,BW,BWA,Botswana,AF,267,72,30,72,TRUE,,,Republic of Botswana,TRUE,FALSE,133,RT,TRUE,FALSE,FALSE,FALSE,FALSE,,
31,BV,BVT,Bouvet Island,AN,47,74,246,74,FALSE,NOR,Dependency of Norway,Bouvet Island,TRUE,TRUE,132,,FALSE,FALSE,FALSE,FALSE,FALSE,,
32,BR,BRA,Brazil,SA,55,76,25,76,TRUE,,,Federative Republic of Brazil,TRUE,FALSE,129,RT,FALSE,FALSE,FALSE,FALSE,FALSE,,
33,IO,IOT,British Indian Ocean Territory,AS,246,86,91,86,FALSE,GBR,British Overseas Territory,British Indian Ocean Territory,TRUE,TRUE,22,,TRUE,FALSE,FALSE,FALSE,FALSE,,
34,VG,VGB,British Virgin Islands,NA,1-284,92,202,92,FALSE,GBR,British Overseas Territory,British Virgin Islands,TRUE,TRUE,33,,TRUE,FALSE,FALSE,FALSE,TRUE,,
35,BN,BRN,Brunei,AS,673,96,27,96,TRUE,,,Brunei Darussalam,TRUE,FALSE,127,RT,TRUE,FALSE,FALSE,FALSE,FALSE,,
36,BG,BGR,Bulgaria,EU,359,100,18,100,TRUE,,,Republic of Bulgaria,TRUE,TRUE,122,,FALSE,TRUE,TRUE,FALSE,FALSE,,
37,BF,BFA,Burkina Faso,AF,226,854,16,854,TRUE,,,Burkina Faso,TRUE,FALSE,121,VW,FALSE,FALSE,FALSE,FALSE,FALSE,,
151,MM,MMR,Burma,AS,95,104,29,104,TRUE,,,Republic of the Union of Myanmar,TRUE,FALSE,24,VM,FALSE,FALSE,FALSE,FALSE,FALSE,,
38,BI,BDI,Burundi,AF,257,108,13,108,TRUE,,,Republic of Burundi,TRUE,FALSE,124,VM,FALSE,FALSE,FALSE,FALSE,FALSE,,
40,KH,KHM,Cambodia,AS,855,116,104,116,TRUE,,,Kingdom of Cambodia,TRUE,FALSE,212,VW,FALSE,FALSE,FALSE,FALSE,FALSE,,
41,CM,CMR,Cameroon,AF,237,120,37,120,TRUE,,,Republic of Cameroon,TRUE,FALSE,145,VM,TRUE,FALSE,FALSE,FALSE,FALSE,,
42,CA,CAN,Canada,NA,1,124,32,124,TRUE,,,Canada,TRUE,TRUE,136,RT,TRUE,FALSE,FALSE,FALSE,FALSE,,
39,CV,CPV,Cape Verde,AF,238,132,41,132,TRUE,,,Republic of Cabo Verde,TRUE,FALSE,151,VW,FALSE,FALSE,FALSE,FALSE,FALSE,,
43,KY,CYM,Cayman Islands,NA,1-345,136,45,136,FALSE,GBR,British Overseas Territory,Cayman Islands,TRUE,TRUE,219,,TRUE,FALSE,FALSE,FALSE,TRUE,,
44,CF,CAF,Central African Republic,AF,236,140,31,140,TRUE,,,Central African Republic,TRUE,FALSE,139,VW,FALSE,FALSE,FALSE,FALSE,FALSE,,
45,TD,TCD,Chad,AF,235,148,181,148,TRUE,,,Republic of Chad,TRUE,FALSE,36,VW,FALSE,FALSE,FALSE,FALSE,FALSE,,
46,CL,CHL,Chile,SA,56,152,34,152,TRUE,,,Republic of Chile,TRUE,FALSE,144,RT,FALSE,FALSE,FALSE,FALSE,FALSE,,
47,CN,CHN,China,AS,86,156,35,156,TRUE,,,People's Republic of China,TRUE,FALSE,146,VM,FALSE,FALSE,FALSE,FALSE,FALSE,,
50,CX,CXR,Christmas Island,AS,61,162,249,162,FALSE,AUS,Australian external territory,Christmas Island,TRUE,FALSE,152,,TRUE,FALSE,FALSE,FALSE,FALSE,,
51,CC,CCK,Cocos (Keeling) Islands,AS,61,166,247,166,FALSE,AUS,Australian external territory,Cocos (Keeling) Islands,TRUE,FALSE,137,,TRUE,FALSE,FALSE,FALSE,FALSE,,
52,CO,COL,Colombia,SA,57,170,39,170,TRUE,,,Republic of Colombia,TRUE,FALSE,147,VW,FALSE,FALSE,FALSE,FALSE,FALSE,,
53,KM,COM,Comoros,AF,269,174,40,174,TRUE,,,Union of the Comoros,TRUE,FALSE,214,VW,FALSE,FALSE,FALSE,FALSE,FALSE,,
54,CG,COG,Congo,AF,242,178,38,178,TRUE,,,Republic of the Congo,TRUE,FALSE,14,VM,FALSE,FALSE,FALSE,FALSE,FALSE,,
64,CD,COD,Congo (Democratic Republic),AF,243,180,272,180,TRUE,,,Democratic Republic of the Congo,TRUE,FALSE,138,VM,FALSE,FALSE,FALSE,FALSE,FALSE,,
55,CK,COK,Cook Islands,OC,682,184,248,184,FALSE,NZL,In free association with New Zealand,Cook Islands,TRUE,FALSE,143,,TRUE,FALSE,FALSE,FALSE,FALSE,,
56,CR,CRI,Costa Rica,NA,506,188,42,188,TRUE,,,Republic of Costa Rica,TRUE,FALSE,148,RT,FALSE,FALSE,FALSE,FALSE,FALSE,,
57,HR,HRV,Croatia,EU,385,191,86,191,TRUE,,,Republic of Croatia,TRUE,TRUE,195,,FALSE,TRUE,TRUE,FALSE,FALSE,,
58,CU,CUB,Cuba,NA,53,192,44,192,TRUE,,,Republic of Cuba,TRUE,FALSE,15,VW,FALSE,FALSE,FALSE,FALSE,FALSE,,
59,CW,CUW,Curacao,NA,599,531,286,531,FALSE,NLD,Constituent country of the Kingdom of the Netherlands,Curacao,TRUE,TRUE,26,,FALSE,FALSE,FALSE,FALSE,TRUE,,
60,CY,CYP,Cyprus,EU,357,196,46,196,TRUE,,,Republic of Cyprus,TRUE,FALSE,153,,TRUE,TRUE,TRUE,FALSE,FALSE,,
61,CZ,CZE,Czechia,EU,420,203,47,203,TRUE,,,Czech Republic,TRUE,TRUE,154,,FALSE,TRUE,TRUE,FALSE,FALSE,,
65,DK,DNK,Denmark,EU,45,208,51,208,TRUE,,,Kingdom of Denmark,TRUE,TRUE,157,,FALSE,TRUE,TRUE,FALSE,FALSE,,
66,DJ,DJI,Djibouti,AF,253,262,49,262,TRUE,,,Republic of Djibouti,TRUE,FALSE,156,VW,FALSE,FALSE,FALSE,FALSE,FALSE,,
67,DM,DMA,Dominica,NA,1-767,212,50,212,TRUE,,,Commonwealth of Dominica,TRUE,FALSE,158,,TRUE,FALSE,FALSE,FALSE,FALSE,,
68,DO,DOM,Dominican Republic,NA,"1-809,1-829,1-849",214,52,214,TRUE,,,Dominican Republic,TRUE,FALSE,159,VW,FALSE,FALSE,FALSE,FALSE,FALSE,,
221,TL,TLS,East Timor,OC,670,626,267,626,TRUE,,,Democratic Republic of Timor-Leste,TRUE,FALSE,312,,FALSE,FALSE,FALSE,FALSE,FALSE,,
69,EC,ECU,Ecuador,SA,593,218,54,218,TRUE,,,Republic of Ecuador,TRUE,FALSE,161,VW,FALSE,FALSE,FALSE,FALSE,FALSE,,
70,EG,EGY,Egypt,AF,20,818,55,818,TRUE,,,Arab Republic of Egypt,TRUE,FALSE,163,VM,FALSE,FALSE,FALSE,FALSE,FALSE,,
71,SV,SLV,El Salvador,NA,503,222,168,222,TRUE,,,Republic of El Salvador,TRUE,FALSE,32,RT,FALSE,FALSE,FALSE,FALSE,FALSE,,
72,GQ,GNQ,Equatorial Guinea,AF,240,226,78,226,TRUE,,,Republic of Equatorial Guinea,TRUE,FALSE,185,VW,FALSE,FALSE,FALSE,FALSE,FALSE,,
73,ER,ERI,Eritrea,AF,291,232,56,232,TRUE,,,State of Eritrea,TRUE,FALSE,165,VM,FALSE,FALSE,FALSE,FALSE,FALSE,,
74,EE,EST,Estonia,EU,372,233,221,233,TRUE,,,Republic of Estonia,TRUE,TRUE,162,,FALSE,TRUE,TRUE,FALSE,FALSE,,
214,SZ,SWZ,Eswatini,AF,268,748,177,748,TRUE,,,Kingdom of Eswatini,TRUE,FALSE,34,VM,TRUE,FALSE,FALSE,FALSE,FALSE,,
75,ET,ETH,Ethiopia,AF,251,231,59,231,TRUE,,,Federal Democratic Republic of Ethiopia,TRUE,FALSE,167,VM,FALSE,FALSE,FALSE,FALSE,FALSE,,
76,FK,FLK,Falkland Islands,SA,500,238,62,238,FALSE,GBR,British Overseas Territory,Falkland Islands,TRUE,TRUE,17,,TRUE,FALSE,FALSE,FALSE,TRUE,,
77,FO,FRO,Faroe Islands,EU,298,234,64,234,FALSE,DNK,Autonomous country of the Kingdom of Denmark,Faroe Islands,TRUE,TRUE,172,,FALSE,FALSE,FALSE,FALSE,FALSE,,
78,FJ,FJI,Fiji,OC,679,242,61,242,TRUE,,,Republic of Fiji,TRUE,FALSE,169,VW,TRUE,FALSE,FALSE,FALSE,FALSE,,
79,FI,FIN,Finland,EU,358,246,60,246,TRUE,,,Republic of Finland,TRUE,FALSE,168,,FALSE,TRUE,TRUE,FALSE,FALSE,,
80,FR,FRA,France (European territory),EU,33,250,63,250,TRUE,,,French Republic,TRUE,TRUE,173,,FALSE,TRUE,TRUE,FALSE,FALSE,,
81,GF,GUF,French Guiana,SA,594,254,254,254,FALSE,FRA,Overseas department and region of France ,French Guiana,TRUE,TRUE,178,,FALSE,TRUE,TRUE,TRUE,FALSE,,
82,PF,PYF,French Polynesia,OC,689,258,261,258,FALSE,FRA,Overseas department and region of France ,French Polynesia,TRUE,TRUE,269,,FALSE,FALSE,FALSE,FALSE,TRUE,,
83,TF,ATF,French Southern Territories,AN,262,260,240,260,FALSE,FRA,Overseas department and region of France ,French Southern and Antarctic Lands,TRUE,TRUE,37,,FALSE,FALSE,FALSE,FALSE,TRUE,,
84,GA,GAB,Gabon,AF,241,266,65,266,TRUE,,,Gabonese Republic,TRUE,FALSE,174,VW,FALSE,FALSE,FALSE,FALSE,FALSE,,
85,GM,GMB,Gambia,AF,220,270,76,270,TRUE,,,Republic of The Gambia,TRUE,FALSE,182,VM,FALSE,FALSE,FALSE,FALSE,FALSE,,
86,GE,GEO,Georgia,AS,995,268,72,268,TRUE,,,Georgia,TRUE,FALSE,177,VW,FALSE,FALSE,FALSE,FALSE,FALSE,,
87,DE,DEU,Germany,EU,49,276,48,276,TRUE,,,Federal Republic of Germany,TRUE,TRUE,155,,FALSE,TRUE,TRUE,FALSE,FALSE,,
88,GH,GHA,Ghana,AF,233,288,73,288,TRUE,,,Republic of Ghana,TRUE,FALSE,179,VM,TRUE,FALSE,FALSE,FALSE,FALSE,,
89,GI,GIB,Gibraltar,EU,350,292,74,292,FALSE,GBR,British Overseas Territory,Gibraltar,TRUE,TRUE,18,,TRUE,TRUE,TRUE,FALSE,FALSE,,
90,GR,GRC,Greece,EU,30,300,79,300,TRUE,,,Hellenic Republic,TRUE,TRUE,186,,FALSE,TRUE,TRUE,FALSE,FALSE,,
91,GL,GRL,Greenland,NA,299,304,81,304,FALSE,DNK,Autonomous country of the Kingdom of Denmark,Greenland,TRUE,TRUE,181,,FALSE,FALSE,FALSE,FALSE,TRUE,,
92,GD,GRD,Grenada,NA,1-473,308,80,308,TRUE,,,Grenada,TRUE,FALSE,176,,TRUE,FALSE,FALSE,FALSE,FALSE,,
93,GP,GLP,Guadeloupe,NA,590,312,253,312,FALSE,FRA,Overseas department and region of France ,Guadeloupe,TRUE,TRUE,184,,FALSE,TRUE,TRUE,TRUE,FALSE,,
94,GU,GUM,Guam,OC,1-671,316,255,316,FALSE,USA,Unincorporated and organized territory of the United States,Guam,TRUE,TRUE,189,,FALSE,FALSE,FALSE,FALSE,FALSE,,
95,GT,GTM,Guatemala,NA,502,320,82,320,TRUE,,,Republic of Guatemala,TRUE,FALSE,188,RT,FALSE,FALSE,FALSE,FALSE,FALSE,,
96,GG,GGY,Guernsey,EU,44,831,288,831,FALSE,GBR,British Crown dependency,Bailiwick of Guernsey,TRUE,TRUE,,,TRUE,FALSE,FALSE,FALSE,FALSE,,
97,GN,GIN,Guinea,AF,224,324,75,324,TRUE,,,Republic of Guinea,TRUE,FALSE,183,VM,FALSE,FALSE,FALSE,FALSE,FALSE,,
98,GW,GNB,Guinea Bissau,AF,245,624,77,624,TRUE,,,Republic of Guinea-Bissau,TRUE,FALSE,19,VM,FALSE,FALSE,FALSE,FALSE,FALSE,,
99,GY,GUY,Guyana,SA,592,328,83,328,TRUE,,,Co-operative Republic of Guyana,TRUE,FALSE,191,VW,TRUE,FALSE,FALSE,FALSE,FALSE,,
100,HT,HTI,Haiti,NA,509,332,87,332,TRUE,,,Republic of Haiti,TRUE,FALSE,196,VW,FALSE,FALSE,FALSE,FALSE,FALSE,,
101,HM,HMD,Heard Island and McDonald Islands,AN,672,334,256,334,FALSE,AUS,Australian external territory,Territory of Heard Island and McDonald Islands,TRUE,FALSE,193,,TRUE,FALSE,FALSE,FALSE,FALSE,,
103,HN,HND,Honduras,NA,504,340,85,340,TRUE,,,Republic of Honduras,TRUE,FALSE,194,RT,FALSE,FALSE,FALSE,FALSE,FALSE,,
48,HK,HKG,Hong Kong,AS,852,344,84,344,FALSE,CHN,Special Administrative Region of the People's Republic of China,Hong Kong Special Administrative Region of the People's Republic of China,TRUE,FALSE,192,RT,FALSE,FALSE,FALSE,FALSE,FALSE,,
104,HU,HUN,Hungary,EU,36,348,88,348,TRUE,,,Hungary,TRUE,TRUE,197,,FALSE,TRUE,TRUE,FALSE,FALSE,,
105,IS,ISL,Iceland,EU,354,352,95,352,TRUE,,,Republic of Iceland,TRUE,TRUE,25,,FALSE,FALSE,TRUE,FALSE,FALSE,,
106,IN,IND,India,AS,91,356,90,356,TRUE,,,Republic of India,TRUE,FALSE,21,VM,TRUE,FALSE,FALSE,FALSE,FALSE,,
107,ID,IDN,Indonesia,AS,62,360,89,360,TRUE,,,Republic of Indonesia,TRUE,FALSE,198,VW,FALSE,FALSE,FALSE,FALSE,FALSE,,
250,XZ,XZZ,International Waters,XZ,0,0,0,0,FALSE,,,International Waters,FALSE,FALSE,,,FALSE,FALSE,FALSE,FALSE,FALSE,,
108,IR,IRN,Iran,AS,98,364,93,364,TRUE,,,Islamic Republic of Iran,TRUE,FALSE,24,VM,FALSE,FALSE,FALSE,FALSE,FALSE,,
109,IQ,IRQ,Iraq,AS,964,368,94,368,TRUE,,,Republic of Iraq,TRUE,FALSE,23,VM,FALSE,FALSE,FALSE,FALSE,FALSE,,
110,IE,IRL,Ireland,EU,353,372,92,372,TRUE,,,Ireland,TRUE,FALSE,199,,FALSE,TRUE,TRUE,FALSE,FALSE,,
111,IM,IMN,Isle of Man,EU,44,833,289,833,FALSE,GBR,British Crown dependency,Isle of Man,TRUE,TRUE,,,TRUE,FALSE,FALSE,FALSE,FALSE,,
112,IL,ISR,Israel,AS,972,376,96,376,TRUE,,,State of Israel,TRUE,FALSE,2,RT,FALSE,FALSE,FALSE,FALSE,FALSE,,
113,IT,ITA,Italy,EU,39,380,97,380,TRUE,,,Italian Republic,TRUE,TRUE,26,,FALSE,TRUE,TRUE,FALSE,FALSE,,
62,CI,CIV,Ivory Coast,AF,225,384,36,384,TRUE,,,Cote d'Ivoire,TRUE,FALSE,142,VM,FALSE,FALSE,FALSE,FALSE,FALSE,,
114,JM,JAM,Jamaica,NA,1-876,388,98,388,TRUE,,,Jamaica,TRUE,FALSE,27,VM,TRUE,FALSE,FALSE,FALSE,FALSE,,
115,JP,JPN,Japan,AS,81,392,100,392,TRUE,,,Japan,TRUE,FALSE,29,RT,FALSE,FALSE,FALSE,FALSE,FALSE,,
116,JE,JEY,Jersey,EU,44,832,290,832,FALSE,GBR,British Crown dependency,Bailiwick of Jersey,TRUE,TRUE,,,TRUE,FALSE,FALSE,FALSE,FALSE,,
117,JO,JOR,Jordan,AS,962,400,99,400,TRUE,,,Hashemite Kingdom of Jordan,TRUE,FALSE,28,VW,FALSE,FALSE,FALSE,FALSE,FALSE,,
118,KZ,KAZ,Kazakhstan,AS,7,398,58,398,TRUE,,,Republic of Kazakhstan,TRUE,FALSE,22,VW,FALSE,FALSE,FALSE,FALSE,FALSE,,
119,KE,KEN,Kenya,AF,254,404,102,404,TRUE,,,Republic of Kenya,TRUE,FALSE,21,VM,TRUE,FALSE,FALSE,FALSE,FALSE,,
120,KI,KIR,Kiribati,OC,686,296,105,296,TRUE,,,Republic of Kiribati,TRUE,FALSE,213,,TRUE,FALSE,FALSE,FALSE,FALSE,,
63,KP,PRK,Korea (North),AS,850,408,154,408,TRUE,,,Democratic People's Republic of Korea,TRUE,FALSE,216,VW,FALSE,FALSE,FALSE,FALSE,FALSE,,
178,KR,KOR,Korea (South),AS,82,410,107,410,TRUE,,,Republic of Korea,TRUE,FALSE,217,RT,FALSE,FALSE,FALSE,FALSE,FALSE,,
251,XK,RKS,Kosovo,EU,383,0,278,0,TRUE,,,Republic of Kosovo,TRUE,FALSE,,VM,FALSE,FALSE,FALSE,FALSE,FALSE,,
121,KW,KWT,Kuwait,AS,965,414,108,414,TRUE,,,State of Kuwait,TRUE,FALSE,218,VW / EVW,FALSE,FALSE,FALSE,FALSE,FALSE,,
122,KG,KGZ,Kyrgyzstan,AS,996,417,103,417,TRUE,,,Kyrgyz Republic,TRUE,FALSE,211,VW,FALSE,FALSE,FALSE,FALSE,FALSE,,
123,LA,LAO,Laos,AS,856,418,109,418,TRUE,,,Lao People's Democratic Republic,TRUE,FALSE,221,VW,FALSE,FALSE,FALSE,FALSE,FALSE,,
124,LV,LVA,Latvia,EU,371,428,119,428,TRUE,,,Republic of Latvia,TRUE,TRUE,23,,FALSE,TRUE,TRUE,FALSE,FALSE,,
125,LB,LBN,Lebanon,AS,961,422,110,422,TRUE,,,Lebanese Republic,TRUE,FALSE,222,VM,FALSE,FALSE,FALSE,FALSE,FALSE,,
126,LS,LSO,Lesotho,AF,266,426,116,426,TRUE,,,Kingdom of Lesotho,TRUE,FALSE,227,VM,TRUE,FALSE,FALSE,FALSE,FALSE,,
127,LR,LBR,Liberia,AF,231,430,111,430,TRUE,,,Republic of Liberia,TRUE,FALSE,226,VM,FALSE,FALSE,FALSE,FALSE,FALSE,,
128,LY,LBY,Libya,AF,218,434,112,434,TRUE,,,State of Libya,TRUE,FALSE,231,VM,FALSE,FALSE,FALSE,FALSE,FALSE,,
129,LI,LIE,Liechtenstein,EU,423,438,114,438,TRUE,,,Principality of Liechtenstein,TRUE,FALSE,224,,FALSE,FALSE,TRUE,FALSE,FALSE,,
130,LT,LTU,Lithuania,EU,370,440,117,440,TRUE,,,Republic of Lithuania,TRUE,TRUE,228,,FALSE,TRUE,TRUE,FALSE,FALSE,,
131,LU,LUX,Luxembourg,EU,352,442,118,442,TRUE,,,Grand Duchy of Luxembourg,TRUE,TRUE,229,,FALSE,TRUE,TRUE,FALSE,FALSE,,
49,MO,MAC,Macao,AS,853,446,232,446,FALSE,CHN,Macao Special Administrative Region of the People's Republic of China,Macao Special Administrative Region of the People's Republic of China,TRUE,FALSE,232,RT,FALSE,FALSE,FALSE,FALSE,FALSE,,
132,MG,MDG,Madagascar,AF,261,450,122,450,TRUE,,,Republic of Madagascar,TRUE,FALSE,236,VW,FALSE,FALSE,FALSE,FALSE,FALSE,,
133,MW,MWI,Malawi,AF,265,454,134,454,TRUE,,,Republic of Malawi,TRUE,FALSE,25,VM,TRUE,FALSE,FALSE,FALSE,FALSE,,
134,MY,MYS,Malaysia,AS,60,458,135,458,TRUE,,,Malaysia,TRUE,FALSE,252,RT,TRUE,FALSE,FALSE,FALSE,FALSE,,
135,MV,MDV,Maldives,AS,960,462,123,462,TRUE,,,Republic of Maldives,TRUE,FALSE,249,RT,TRUE,FALSE,FALSE,FALSE,FALSE,,
136,ML,MLI,Mali,AF,223,466,126,466,TRUE,,,Republic of Mali,TRUE,FALSE,239,VW,FALSE,FALSE,FALSE,FALSE,FALSE,,
137,MT,MLT,Malta,EU,356,470,127,470,TRUE,,,Republic of Malta,TRUE,FALSE,247,,TRUE,TRUE,TRUE,FALSE,FALSE,,
138,MH,MHL,Marshall Islands,OC,692,584,223,584,TRUE,USA,United States associated state,Republic of the Marshall Islands,TRUE,FALSE,237,,FALSE,FALSE,FALSE,FALSE,FALSE,,
139,MQ,MTQ,Martinique,NA,596,474,257,474,FALSE,FRA,Overseas department and region of France ,Martinique,TRUE,TRUE,244,,FALSE,TRUE,TRUE,TRUE,FALSE,,
140,MR,MRT,Mauritania,AF,222,478,131,478,TRUE,,,Islamic Republic of Mauritania,TRUE,FALSE,245,VW,FALSE,FALSE,FALSE,FALSE,FALSE,,
141,MU,MUS,Mauritius,AF,230,480,133,480,TRUE,,,Republic of Mauritius,TRUE,FALSE,248,,TRUE,FALSE,FALSE,FALSE,FALSE,,
142,YT,MYT,Mayotte,AF,262,175,293,175,FALSE,FRA,Overseas department and region of France,Department of Mayotte,TRUE,TRUE,337,,FALSE,TRUE,TRUE,TRUE,FALSE,,
143,MX,MEX,Mexico,NA,52,484,124,484,TRUE,,,United Mexican States,TRUE,FALSE,251,RT,FALSE,FALSE,FALSE,FALSE,FALSE,,
144,FM,FSM,Micronesia,OC,691,583,224,583,TRUE,,,Federated States of Micronesia,TRUE,FALSE,171,,FALSE,FALSE,FALSE,FALSE,FALSE,,
179,MD,MDA,Moldova,EU,373,498,235,498,TRUE,,,Republic of Moldova,TRUE,FALSE,234,VM,FALSE,FALSE,FALSE,FALSE,FALSE,,
145,MC,MCO,Monaco,EU,377,492,121,492,TRUE,,,Principality of Monaco,TRUE,FALSE,233,RT,FALSE,FALSE,FALSE,FALSE,FALSE,,
146,MN,MNG,Mongolia,AS,976,496,128,496,TRUE,,,Mongolia,TRUE,FALSE,241,VM,FALSE,FALSE,FALSE,FALSE,FALSE,,
147,ME,MNE,Montenegro,EU,382,499,276,499,TRUE,,,Montenegro,TRUE,TRUE,235,VW,FALSE,FALSE,FALSE,FALSE,FALSE,,
148,MS,MSR,Montserrat,NA,1-664,500,132,500,FALSE,GBR,British Overseas Territory,Montserrat,TRUE,TRUE,246,,TRUE,FALSE,FALSE,FALSE,TRUE,,
149,MA,MAR,Morocco,AF,212,504,120,504,TRUE,,,Kingdom of Morocco,TRUE,FALSE,232,VW,FALSE,FALSE,FALSE,FALSE,FALSE,,
150,MZ,MOZ,Mozambique,AF,258,508,130,508,TRUE,,,Republic of Mozambique,TRUE,FALSE,253,VW,TRUE,FALSE,FALSE,FALSE,FALSE,,
152,NA,NAM,Namibia,AF,264,516,136,516,TRUE,,,Republic of Nambia,TRUE,FALSE,254,RT,TRUE,FALSE,FALSE,FALSE,FALSE,,
153,NR,NRU,Nauru,OC,674,520,144,520,TRUE,,,Republic of Nauru,TRUE,FALSE,263,RT,TRUE,FALSE,FALSE,FALSE,FALSE,,
154,NP,NPL,Nepal,AS,977,524,143,524,TRUE,,,Federal Democratic Republic of Nepal,TRUE,FALSE,262,VM,FALSE,FALSE,FALSE,FALSE,FALSE,,
155,NL,NLD,Netherlands (Europe),EU,31,528,141,528,TRUE,,,Kingdom of the Netherlands,TRUE,TRUE,26,,FALSE,TRUE,TRUE,FALSE,FALSE,,
156,NC,NCL,New Caledonia,OC,687,540,258,540,FALSE,FRA,Special collectivity of France,New Caledonia,TRUE,TRUE,255,,FALSE,FALSE,FALSE,FALSE,TRUE,,
157,NZ,NZL,New Zealand,OC,64,554,145,554,TRUE,,,New Zealand,TRUE,FALSE,265,RT,TRUE,FALSE,FALSE,FALSE,FALSE,,
158,NI,NIC,Nicaragua,NA,505,558,139,558,TRUE,,,Republic of Nicaragua,TRUE,FALSE,259,RT,FALSE,FALSE,FALSE,FALSE,FALSE,,
159,NE,NER,Niger,AF,227,562,137,562,TRUE,,,Republic of Niger,TRUE,FALSE,256,VW,FALSE,FALSE,FALSE,FALSE,FALSE,,
160,NG,NGA,Nigeria,AF,234,566,138,566,TRUE,,,Federal Republic of Nigeria,TRUE,FALSE,258,VM,TRUE,FALSE,FALSE,FALSE,FALSE,,
161,NU,NIU,Niue,OC,683,570,140,570,FALSE,NZL,In free association with New Zealand,Niue,TRUE,FALSE,264,,TRUE,FALSE,FALSE,FALSE,FALSE,,
162,NF,NFK,Norfolk Island,OC,672,574,259,574,FALSE,AUS,Australian external territory,Norfolk Island,TRUE,FALSE,257,,TRUE,FALSE,FALSE,FALSE,FALSE,,
220,MK,MKD,North Macedonia,EU,389,807,125,807,TRUE,,,Republic of North Macedonia,TRUE,FALSE,238,VM,FALSE,FALSE,FALSE,FALSE,FALSE,,
163,MP,MNP,Northern Mariana Islands,OC,1-670,580,292,580,FALSE,USA,Commonwealth of the United States ,Commonwealth of the Northern Mariana Islands ,TRUE,TRUE,324,,FALSE,FALSE,FALSE,FALSE,FALSE,,
164,NO,NOR,Norway,EU,47,578,142,578,TRUE,,,Kingdom of Norway,TRUE,TRUE,261,,FALSE,FALSE,TRUE,FALSE,FALSE,,
165,OM,OMN,Oman,AS,968,512,146,512,TRUE,,,Sultanate of Oman,TRUE,FALSE,266,VW / EVW,FALSE,FALSE,FALSE,FALSE,FALSE,,
166,PK,PAK,Pakistan,AS,92,586,147,586,TRUE,,,Islamic Republic of Pakistan,TRUE,FALSE,272,VM,TRUE,FALSE,FALSE,FALSE,FALSE,,
167,PW,PLW,Palau,OC,680,585,228,585,TRUE,USA,In free association with the United States,Republic of Palau,TRUE,TRUE,279,,FALSE,FALSE,FALSE,FALSE,FALSE,,
210,PS,PSE,Palestine,AS,970,275,227,275,FALSE,,,The Occupied Palestinian Territories ,FALSE,FALSE,277,VM,FALSE,FALSE,FALSE,FALSE,FALSE,,
168,PA,PAN,Panama,NA,507,591,148,591,TRUE,,,Republic of Panama,TRUE,FALSE,267,RT,FALSE,FALSE,FALSE,FALSE,FALSE,,
169,PG,PNG,Papua New Guinea,OC,675,598,152,598,TRUE,,,Independent State of Papua New Guinea,TRUE,FALSE,27,RT,TRUE,FALSE,FALSE,FALSE,FALSE,,
170,PY,PRY,Paraguay,SA,595,600,156,600,TRUE,,,Republic of Paraguay,TRUE,FALSE,28,RT,FALSE,FALSE,FALSE,FALSE,FALSE,,
171,PE,PER,Peru,SA,51,604,150,604,TRUE,,,Republic of Peru,TRUE,FALSE,268,VW,FALSE,FALSE,FALSE,FALSE,FALSE,,
172,PH,PHL,Philippines,AS,63,608,151,608,TRUE,,,Republic of the Philippines,TRUE,FALSE,271,VW,FALSE,FALSE,FALSE,FALSE,FALSE,,
173,PN,PCN,Pitcairn Islands,OC,870,612,149,612,FALSE,GBR,British Overseas Territory,Pitcairn Islands,TRUE,TRUE,275,,TRUE,FALSE,FALSE,FALSE,TRUE,,
174,PL,POL,Poland,EU,48,616,153,616,TRUE,,,Republic of Poland,TRUE,TRUE,273,,FALSE,TRUE,TRUE,FALSE,FALSE,,
175,PT,PRT,Portugal,EU,351,620,155,620,TRUE,,,Portuguese Republic,TRUE,TRUE,278,,FALSE,TRUE,TRUE,FALSE,FALSE,,
176,PR,PRI,Puerto Rico,NA,1,630,260,630,FALSE,USA,Unincorporated territory of the United States,Commonwealth of Puerto Rico ,TRUE,TRUE,276,,FALSE,FALSE,FALSE,FALSE,FALSE,,
177,QA,QAT,Qatar,AS,974,634,157,634,TRUE,,,State of Qatar,TRUE,FALSE,281,VW / EVW,FALSE,FALSE,FALSE,FALSE,FALSE,,
183,RE,REU,Reunion,AF,262,638,262,638,FALSE,FRA,Overseas department and region of France ,Reunion,TRUE,TRUE,282,,FALSE,TRUE,TRUE,TRUE,FALSE,,
180,RO,ROU,Romania,EU,40,642,237,642,TRUE,,Duplicate former code deleted,Romania,TRUE,TRUE,283,,FALSE,TRUE,TRUE,FALSE,FALSE,,
181,RU,RUS,Russia,EU,7,643,159,643,TRUE,,,Russian Federation,TRUE,FALSE,284,VW,FALSE,FALSE,FALSE,FALSE,FALSE,,
182,RW,RWA,Rwanda,AF,250,646,160,646,TRUE,,,Republic of Rwanda,TRUE,FALSE,285,VM,TRUE,FALSE,FALSE,FALSE,FALSE,,
184,BL,BLM,Saint Barthelemy,NA,590,652,285,652,FALSE,FRA,Overseas collectivity of France,Territorial collectivity of Saint-Barthelemy,TRUE,TRUE,173,,FALSE,FALSE,FALSE,FALSE,TRUE,,
185,SH,SHN,Saint Helena,AF,290,654,165,654,FALSE,GBR,British Overseas Territory,"Saint Helena, Ascension and Tristan da Cunha",TRUE,TRUE,292,,TRUE,FALSE,FALSE,FALSE,TRUE,,
186,KN,KNA,Saint Kitts And Nevis,NA,1-869,659,106,659,TRUE,,,Federation of Saint Christopher and Nevis,TRUE,FALSE,215,,TRUE,FALSE,FALSE,FALSE,FALSE,,
187,LC,LCA,Saint Lucia,NA,1-758,662,113,662,TRUE,,,Saint Lucia,TRUE,FALSE,223,,TRUE,FALSE,FALSE,FALSE,FALSE,,
188,MF,MAF,Saint Martin (French part),NA,590,663,291,663,FALSE,FRA,Overseas collectivity of France,Collectivity of Saint Martin ,TRUE,TRUE,173,,FALSE,TRUE,TRUE,TRUE,FALSE,,
189,PM,SPM,Saint Pierre And Miquelon,NA,508,666,265,666,FALSE,FRA,Overseas collectivity of France,Overseas Collectivity of Saint Pierre and Miquelon,TRUE,TRUE,274,,FALSE,FALSE,FALSE,FALSE,TRUE,,
190,VC,VCT,Saint Vincent,NA,1-784,670,200,670,TRUE,,,Saint Vincent And The Grenadines,TRUE,FALSE,328,RT,TRUE,FALSE,FALSE,FALSE,FALSE,,
191,WS,WSM,Samoa,OC,685,882,205,882,TRUE,,,Independent State of Samoa,TRUE,FALSE,335,RT,TRUE,FALSE,FALSE,FALSE,FALSE,,
192,SM,SMR,San Marino,EU,378,674,169,674,TRUE,,,Republic of San Marino,TRUE,FALSE,297,,FALSE,FALSE,FALSE,FALSE,FALSE,,
193,ST,STP,Sao Tome And Principe,AF,239,678,171,678,TRUE,,,Democratic Republic of Sao Tome And Principe,TRUE,FALSE,31,VW,FALSE,FALSE,FALSE,FALSE,FALSE,,
194,SA,SAU,Saudi Arabia,AS,966,682,161,682,TRUE,,,Kingdom of Saudi Arabia,TRUE,FALSE,286,VW,FALSE,FALSE,FALSE,FALSE,FALSE,,
195,SN,SEN,Senegal,AF,221,686,163,686,TRUE,,,Republic of Senegal,TRUE,FALSE,298,VM,FALSE,FALSE,FALSE,FALSE,FALSE,,
196,RS,SRB,Serbia,EU,381,688,216,688,TRUE,,,Republic of Serbia,TRUE,FALSE,341,VM,FALSE,FALSE,FALSE,FALSE,FALSE,,
197,SC,SYC,Seychelles,AF,248,690,178,690,TRUE,,,Republic of Seychelles,TRUE,FALSE,288,RT,TRUE,FALSE,FALSE,FALSE,FALSE,,
198,SL,SLE,Sierra Leone,AF,232,694,167,694,TRUE,,,Republic of Sierra Leone,TRUE,FALSE,296,VM,TRUE,FALSE,FALSE,FALSE,FALSE,,
199,SG,SGP,Singapore,AS,65,702,164,702,TRUE,,,Republic of Singapore,TRUE,FALSE,291,RT,TRUE,FALSE,FALSE,FALSE,FALSE,,
200,SX,SXM,Sint Maarten (Dutch part),NA,1-721,534,294,534,FALSE,NLD,Constituent country of the Kingdom of the Netherlands,Sint Maarten (Dutch part),TRUE,TRUE,26,,FALSE,TRUE,TRUE,FALSE,TRUE,,
201,SK,SVK,Slovakia,EU,421,703,174,703,TRUE,,,Slovak Republic,TRUE,TRUE,295,,FALSE,TRUE,TRUE,FALSE,FALSE,,
202,SI,SVN,Slovenia,EU,386,705,175,705,TRUE,,,Republic of Slovenia,TRUE,TRUE,,,FALSE,TRUE,TRUE,FALSE,FALSE,,
203,SB,SLB,Solomon Islands,OC,677,90,166,90,TRUE,,,Solomon Islands,TRUE,FALSE,287,,TRUE,FALSE,FALSE,FALSE,FALSE,,
204,SO,SOM,Somalia,AF,252,706,170,706,TRUE,,,Federal Republic of Somailia,TRUE,FALSE,299,VM,FALSE,FALSE,FALSE,FALSE,FALSE,,
205,ZA,ZAF,South Africa,AF,27,710,211,710,TRUE,,,Republic of South Africa,TRUE,FALSE,338,VM,TRUE,FALSE,FALSE,FALSE,FALSE,,
206,GS,SGS,South Georgia and the South Sandwich Islands,AN,500,239,263,239,FALSE,GBR,British Overseas Territory,South Georgia and the South Sandwich Islands,TRUE,TRUE,187,,TRUE,FALSE,FALSE,FALSE,FALSE,,
207,SS,SSD,South Sudan,AF,211,728,280,728,TRUE,,,Republic of South Sudan,TRUE,FALSE,344,VM,FALSE,FALSE,FALSE,FALSE,FALSE,,
208,ES,ESP,Spain,EU,34,724,57,724,TRUE,,,Kingdom of Spain,TRUE,TRUE,166,,FALSE,TRUE,TRUE,FALSE,FALSE,,
209,LK,LKA,Sri Lanka,AS,94,144,115,144,TRUE,,,Democratic Socialist Republic of Sri Lanka,TRUE,FALSE,225,VM,TRUE,FALSE,FALSE,FALSE,FALSE,,
211,SD,SDN,Sudan,AF,249,729,162,736,TRUE,,,Republic of the Sudan,TRUE,FALSE,289,VM,FALSE,FALSE,FALSE,FALSE,FALSE,,
212,SR,SUR,Suriname,SA,597,740,173,740,TRUE,,,Republic of Suriname,TRUE,FALSE,3,VW,FALSE,FALSE,FALSE,FALSE,FALSE,,
213,SJ,SJM,Svalbard and Jan Mayen Islands,EU,47,744,264,744,FALSE,NOR,Unincorporated area of Norway,Svalbard and Jan Mayen Islands,TRUE,TRUE,294,,FALSE,FALSE,FALSE,FALSE,FALSE,,
215,SE,SWE,Sweden,EU,46,752,176,752,TRUE,,,Kingdom of Sweden,TRUE,FALSE,29,,FALSE,TRUE,TRUE,FALSE,FALSE,,
216,CH,CHE,Switzerland,EU,41,756,33,756,TRUE,,,Swiss Confederation,TRUE,FALSE,141,,FALSE,FALSE,FALSE,FALSE,FALSE,,
217,SY,SYR,Syria,AS,963,760,179,760,TRUE,,,Syrian Arab Republic,TRUE,FALSE,33,VM,FALSE,FALSE,FALSE,FALSE,FALSE,,
1,TW,TWN,Taiwan,AS,886,158,191,158,FALSE,CHN,,Republic of China ,FALSE,FALSE,319,RT,FALSE,FALSE,FALSE,FALSE,FALSE,,
218,TJ,TJK,Tajikistan,AS,992,762,184,762,TRUE,,,Republic of Tajikistan,TRUE,FALSE,31,VW,FALSE,FALSE,FALSE,FALSE,FALSE,,
235,TZ,TZA,Tanzania,AF,255,834,192,834,TRUE,,,United Republic of Tanzania,TRUE,FALSE,32,VM,TRUE,FALSE,FALSE,FALSE,FALSE,,
219,TH,THA,Thailand,AS,66,764,183,764,TRUE,,,Kingdom of Thailand,TRUE,FALSE,39,VW,FALSE,FALSE,FALSE,FALSE,FALSE,,
222,TG,TGO,Togo,AF,228,768,182,768,TRUE,,,Togolese Republic,TRUE,FALSE,38,VW,FALSE,FALSE,FALSE,FALSE,FALSE,,
223,TK,TKL,Tokelau,OC,690,772,266,772,FALSE,NZL,Dependent territory of New Zealand,Tokelau,TRUE,FALSE,311,,TRUE,FALSE,FALSE,FALSE,FALSE,,
224,TO,TON,Tonga,OC,676,776,186,776,TRUE,,,Kingdom of Tonga,TRUE,FALSE,315,RT,TRUE,FALSE,FALSE,FALSE,FALSE,,
225,TT,TTO,Trinidad And Tobago,NA,1-868,780,187,780,TRUE,,,Republic of Trinidad And Tobago,TRUE,FALSE,317,RT,TRUE,FALSE,FALSE,FALSE,FALSE,,
226,TN,TUN,Tunisia,AF,216,788,188,788,TRUE,,,Republic of Tunisia,TRUE,FALSE,314,VW,FALSE,FALSE,FALSE,FALSE,FALSE,,
227,TR,TUR,Turkey,AS,90,792,189,792,TRUE,,,Republic of Turkey,TRUE,TRUE,316,VM,FALSE,FALSE,FALSE,FALSE,FALSE,,
252,XX,XXT,Turkish Republic of Northern Cyprus,EU,90,0,231,0,FALSE,CYP,The â€˜Turkish Republic of Northern Cyprus is not recognised by the British government,Turkish Republic of Northern Cyprus,FALSE,FALSE,153,VM,FALSE,FALSE,FALSE,FALSE,FALSE,,
228,TM,TKM,Turkmenistan,AS,993,795,185,795,TRUE,,,Turkmenistan,TRUE,FALSE,313,VW,FALSE,FALSE,FALSE,FALSE,FALSE,,
229,TC,TCA,Turks And Caicos Islands,NA,1-649,796,180,796,FALSE,GBR,British Overseas Territory,Turks And Caicos Islands,TRUE,TRUE,35,,TRUE,FALSE,FALSE,FALSE,TRUE,,
230,TV,TUV,Tuvalu,OC,688,798,190,798,TRUE,,,Tuvalu,TRUE,FALSE,318,,TRUE,FALSE,FALSE,FALSE,FALSE,,
231,UG,UGA,Uganda,AF,256,800,193,800,TRUE,,,Republic of Uganda,TRUE,FALSE,322,VM,TRUE,FALSE,FALSE,FALSE,FALSE,,
232,UA,UKR,Ukraine,EU,380,804,194,804,TRUE,,,Ukraine,TRUE,FALSE,321,VW,FALSE,FALSE,FALSE,FALSE,FALSE,,
233,AE,ARE,United Arab Emirates,AS,971,784,6,784,TRUE,,,United Arab Emirates,TRUE,FALSE,11,VW / EVW,FALSE,FALSE,FALSE,FALSE,FALSE,,
234,GB,GBR,United Kingdom,EU,44,826,295,826,TRUE,,,United Kingdom of Great Britain and Northern Ireland,TRUE,TRUE,,,TRUE,TRUE,TRUE,FALSE,FALSE,,
238,US,USA,United States,NA,1,840,197,840,TRUE,,,United States Of America,TRUE,TRUE,324,RT,FALSE,FALSE,FALSE,FALSE,FALSE,,
239,UY,URY,Uruguay,SA,598,858,196,858,TRUE,,,Oriental Republic of Uruguay,TRUE,FALSE,325,RT,FALSE,FALSE,FALSE,FALSE,FALSE,,
236,UM,UMI,US Minor Outlying Islands,OC,246,581,268,581,FALSE,USA,"Unincorporated, unorganized territories of the United States",United States Minor Outlying Islands,TRUE,TRUE,323,,FALSE,FALSE,FALSE,FALSE,FALSE,,
240,UZ,UZB,Uzbekistan,AS,998,860,198,860,TRUE,,,Republic of Uzbekistan,TRUE,FALSE,326,VW,FALSE,FALSE,FALSE,FALSE,FALSE,,
241,VU,VUT,Vanuatu,OC,678,548,204,548,TRUE,,,Republic of Vanuatu,TRUE,FALSE,333,,TRUE,FALSE,FALSE,FALSE,FALSE,,
102,VA,VAT,Vatican City,EU,39-06,336,199,336,TRUE,,,Vatican City State,FALSE,FALSE,327,RT,FALSE,FALSE,FALSE,FALSE,FALSE,,
242,VE,VEN,Venezuela,SA,58,862,201,862,TRUE,,,Bolivarian Republic of Venezuela,TRUE,FALSE,329,VM,FALSE,FALSE,FALSE,FALSE,FALSE,,
243,VN,VNM,Vietnam,AS,84,704,203,704,TRUE,,,Socialist Republic of Vietnam,TRUE,FALSE,332,VM,FALSE,FALSE,FALSE,FALSE,FALSE,,
237,VI,VIR,"Virgin Islands, US",NA,1-340,850,269,850,FALSE,USA,"Unincorporated, organized territories of the United States",United States Virgin Islands,TRUE,TRUE,331,,FALSE,FALSE,FALSE,FALSE,FALSE,,
244,WF,WLF,Wallis And Futuna,OC,681,876,270,876,FALSE,FRA,Overseas collectivity of France,Wallis and Futuna Islands,TRUE,TRUE,334,,FALSE,FALSE,FALSE,FALSE,TRUE,,
245,EH,ESH,Western Sahara,AF,212,732,251,732,FALSE,,,Western Sahara,FALSE,FALSE,164,,FALSE,FALSE,FALSE,FALSE,FALSE,,
246,YE,YEM,Yemen,AS,967,887,209,887,TRUE,,,Republic of Yemen,TRUE,FALSE,336,VM,FALSE,FALSE,FALSE,FALSE,FALSE,,
247,ZM,ZMB,Zambia,AF,260,894,213,894,TRUE,,,Republic of Zambia,TRUE,FALSE,339,VW,TRUE,FALSE,FALSE,FALSE,FALSE,,
248,ZW,ZWE,Zimbabwe,AF,263,716,214,716,TRUE,,,Republic of Zimbabwe,TRUE,FALSE,34,VM,FALSE,FALSE,FALSE,FALSE,FALSE,,
